{"cameraMode":{"drawMode":0,"name":"Shaded","section":"Shading Mode"},"sceneLighting":true,"audioPlay":false,"sceneViewState":{"m_AlwaysRefresh":false,"showFog":false,"showSkybox":false,"showFlares":false,"showImageEffects":false,"showParticleSystems":false,"showVisualEffectGraphs":true,"m_FxEnabled":true},"in2DMode":false,"pivot":{"x":-0.0894021987915039,"y":1.558361530303955,"z":-0.25945353507995608},"rotation":{"x":-0.036298997700214389,"y":0.011089391075074673,"z":-0.0003985650837421417,"w":-0.9992666840553284},"size":5.149905681610107,"orthographic":false}